{
"lengthUnit": "mil",
"components": {
	"fields": ["COMPONENT_NO", "COMPONENT_NAME", "LAYER", "X_COORDINATE", "Y_COORDINATE", "ANGLE"],
	"rows": [
		[1, "BARREL PLUG", "T", 3510, -2030, 180],
		[2, "C1", "T", 980, -590, 0],
		[3, "C2", "T", 1480, -590, 0],
		[4, "LED1", "T", 234.24, -1381.1, 0],
		[5, "LED2", "T", 465, -1390, 0],
		[6, "LED3", "T", 665, -1385, 0],
		[7, "Q1", "T", 2260, -1290, 0],
		[8, "R1", "T", 920, -375, 0],
		[9, "R2", "T", 1560, -375, 0],
		[10, "R3", "T", 2695, -375, 0],
		[11, "R4", "T", 2695, -640, 0],
		[12, "R5", "T", 3315, -375, 0],
		[13, "R6", "T", 3315, -595, 0],
		[14, "R7", "T", 3315, -830, 0],
		[15, "R8", "T", 2820, -2120, 0],
		[16, "R9", "T", 800, -1975, 0],
		[17, "R10", "T", 800, -2175, 0],
		[18, "R11", "T", 1405, -2080, 0],
		[19, "U1", "T", 2115, -475, 0],
		[20, "PAD1", "T", 196.85, -275.59, 0],
		[21, "PAD1", "B", 196.85, -275.59, 0],
		[22, "PAD2", "T", 196.85, -375.59, 0],
		[23, "PAD2", "B", 196.85, -375.59, 0],
		[24, "PAD3", "T", 196.85, -787.4, 0],
		[25, "PAD3", "B", 196.85, -787.4, 0],
		[26, "PAD4", "T", 1181.1, -1381.1, 0],
		[27, "PAD4", "B", 1181.1, -1381.1, 0],
		[28, "PAD5", "T", 1181.1, -1481.1, 0],
		[29, "PAD5", "B", 1181.1, -1481.1, 0],
		[30, "PAD6", "T", 196.85, -1774.8, 0],
		[31, "PAD6", "B", 196.85, -1774.8, 0],
		[32, "PAD7", "T", 196.85, -1874.8, 0],
		[33, "PAD7", "B", 196.85, -1874.8, 0],
		[34, "PAD8", "T", 196.85, -1974.8, 0],
		[35, "PAD8", "B", 196.85, -1974.8, 0],
		[36, "PAD9", "T", 196.85, -2074.8, 0],
		[37, "PAD9", "B", 196.85, -2074.8, 0],
		[38, "PAD10", "T", 196.85, -2174.8, 0],
		[39, "PAD10", "B", 196.85, -2174.8, 0],
		[40, "PAD11", "T", 196.85, -887.4, 0],
		[41, "PAD11", "B", 196.85, -887.4, 0],
		[42, "PAD12", "T", 196.85, -987.4, 0],
		[43, "PAD12", "B", 196.85, -987.4, 0],
		[44, "PAD13", "T", 3870, -1805, 0],
		[45, "PAD13", "B", 3870, -1805, 0],
		[46, "PAD14", "T", 1181.1, -1181.1, 0],
		[47, "PAD14", "B", 1181.1, -1181.1, 0],
		[48, "PAD15", "T", 1181.1, -1281.1, 0],
		[49, "PAD15", "B", 1181.1, -1281.1, 0],
		[50, "PAD16", "T", 1181.1, -1681.1, 0],
		[51, "PAD16", "B", 1181.1, -1681.1, 0],
		[52, "PAD17", "T", 1181.1, -1581.1, 0],
		[53, "PAD17", "B", 1181.1, -1581.1, 0],
		[54, "PAD18", "T", 3870, -1705, 0],
		[55, "PAD18", "B", 3870, -1705, 0]
	]
},
"pins": {
	"fields": ["PIN_NO", "PIN_NAME", "PIN_X", "PIN_Y", "LAYER", "PIN_TYPE", "NET_NAME", "NET_TYPE", "PAD_SHAPE", "PAD_SIZEX", "PAD_SIZEY", "HOLE_SIZE", "PAD_ANGLE"],
	"rows": [
		[1, "BARREL PLUG_1", 3391.9, -2122.51, "T", "DIP", "VIN+", "", "O", 62.99, 149.61, 118.11, 180],
		[2, "BARREL PLUG_1", 3391.9, -2122.51, "B", "DIP", "VIN+", "", "O", 62.99, 149.61, 118.11, 180],
		[3, "BARREL PLUG_2", 3628.1, -2122.53, "T", "DIP", "GND", "GND", "O", 62.99, 149.61, 118.11, 0],
		[4, "BARREL PLUG_2", 3628.1, -2122.53, "B", "DIP", "GND", "GND", "O", 62.99, 149.61, 118.11, 0],
		[5, "BARREL PLUG_3", 3490.31, -1937.47, "T", "DIP", "ADAPTER_SENSE_PIN", "", "O", 141.73, 62.99, 110.24, 180],
		[6, "BARREL PLUG_3", 3490.31, -1937.47, "B", "DIP", "ADAPTER_SENSE_PIN", "", "O", 141.73, 62.99, 110.24, 180],
		[7, "C1_1", 930, -590, "T", "DIP", "$1N5473", "", "C", 64.96, 64.96, 43.31, 0],
		[8, "C1_1", 930, -590, "B", "DIP", "$1N5473", "", "C", 64.96, 64.96, 43.31, 0],
		[9, "C1_2", 1030, -590, "T", "DIP", "GND", "GND", "C", 64.96, 64.96, 43.31, 0],
		[10, "C1_2", 1030, -590, "B", "DIP", "GND", "GND", "C", 64.96, 64.96, 43.31, 0],
		[11, "C2_1", 1430, -590, "T", "DIP", "GND", "GND", "C", 64.96, 64.96, 43.31, 0],
		[12, "C2_1", 1430, -590, "B", "DIP", "GND", "GND", "C", 64.96, 64.96, 43.31, 0],
		[13, "C2_2", 1530, -590, "T", "DIP", "$1N7867", "", "C", 64.96, 64.96, 43.31, 0],
		[14, "C2_2", 1530, -590, "B", "DIP", "$1N7867", "", "C", 64.96, 64.96, 43.31, 0],
		[15, "LED1_1", 275.59, -1381.1, "T", "SMD", "$1N7235", "", "R", 39.37, 55.1, 0, 180],
		[16, "LED1_2", 192.89, -1381.1, "T", "SMD", "GND", "GND", "R", 39.37, 55.1, 0, 180],
		[17, "LED2_1", 433.52, -1390, "T", "SMD", "GND", "GND", "R", 31.5, 31.5, 0, 90],
		[18, "LED2_2", 496.48, -1390, "T", "SMD", "$1N7245", "", "R", 31.5, 31.5, 0, 90],
		[19, "LED3_1", 633.52, -1385, "T", "SMD", "GND", "GND", "R", 31.5, 31.5, 0, 90],
		[20, "LED3_2", 696.47, -1385, "T", "SMD", "$1N7240", "", "R", 31.5, 31.5, 0, 90],
		[21, "Q1_1", 2260, -1190, "T", "DIP", "$1N6802", "", "R", 78.74, 98.42, 51.18, 270],
		[22, "Q1_1", 2260, -1190, "B", "DIP", "$1N6802", "", "R", 78.74, 98.42, 51.18, 270],
		[23, "Q1_2", 2260, -1290, "T", "DIP", "VIN-", "", "O", 78.74, 98.42, 51.18, 270],
		[24, "Q1_2", 2260, -1290, "B", "DIP", "VIN-", "", "O", 78.74, 98.42, 51.18, 270],
		[25, "Q1_3", 2260, -1390, "T", "DIP", "$1N7065", "", "O", 78.74, 98.42, 51.18, 270],
		[26, "Q1_3", 2260, -1390, "B", "DIP", "$1N7065", "", "O", 78.74, 98.42, 51.18, 270],
		[27, "R1_1", 664.1, -375, "T", "DIP", "PWM", "", "C", 62.99, 62.99, 39.37, 0],
		[28, "R1_1", 664.1, -375, "B", "DIP", "PWM", "", "C", 62.99, 62.99, 39.37, 0],
		[29, "R1_2", 1175.9, -375, "T", "DIP", "$1N5473", "", "C", 62.99, 62.99, 39.37, 0],
		[30, "R1_2", 1175.9, -375, "B", "DIP", "$1N5473", "", "C", 62.99, 62.99, 39.37, 0],
		[31, "R2_1", 1304.1, -375, "T", "DIP", "$1N5473", "", "C", 62.99, 62.99, 39.37, 0],
		[32, "R2_1", 1304.1, -375, "B", "DIP", "$1N5473", "", "C", 62.99, 62.99, 39.37, 0],
		[33, "R2_2", 1815.9, -375, "T", "DIP", "$1N7867", "", "C", 62.99, 62.99, 39.37, 0],
		[34, "R2_2", 1815.9, -375, "B", "DIP", "$1N7867", "", "C", 62.99, 62.99, 39.37, 0],
		[35, "R3_1", 2439.1, -375, "T", "DIP", "$1N5911", "", "C", 62.99, 62.99, 39.37, 0],
		[36, "R3_1", 2439.1, -375, "B", "DIP", "$1N5911", "", "C", 62.99, 62.99, 39.37, 0],
		[37, "R3_2", 2950.91, -375, "T", "DIP", "$1N6087", "", "C", 62.99, 62.99, 39.37, 0],
		[38, "R3_2", 2950.91, -375, "B", "DIP", "$1N6087", "", "C", 62.99, 62.99, 39.37, 0],
		[39, "R4_1", 2745, -738.42, "T", "DIP", "GND", "GND", "C", 60, 60, 36, 0],
		[40, "R4_1", 2745, -738.42, "B", "DIP", "GND", "GND", "C", 60, 60, 36, 0],
		[41, "R4_2", 2695, -541.58, "T", "DIP", "GND", "GND", "C", 60, 60, 36, 0],
		[42, "R4_2", 2695, -541.58, "B", "DIP", "GND", "GND", "C", 60, 60, 36, 0],
		[43, "R4_3", 2645, -738.42, "T", "DIP", "$1N6087", "", "C", 60, 60, 36, 0],
		[44, "R4_3", 2645, -738.42, "B", "DIP", "$1N6087", "", "C", 60, 60, 36, 0],
		[45, "R5_1", 3059.09, -375, "T", "DIP", "$1N7065", "", "C", 62.99, 62.99, 39.37, 0],
		[46, "R5_1", 3059.09, -375, "B", "DIP", "$1N7065", "", "C", 62.99, 62.99, 39.37, 0],
		[47, "R5_2", 3570.91, -375, "T", "DIP", "$1N6622", "", "C", 62.99, 62.99, 39.37, 0],
		[48, "R5_2", 3570.91, -375, "B", "DIP", "$1N6622", "", "C", 62.99, 62.99, 39.37, 0],
		[49, "R6_1", 3059.09, -595, "T", "DIP", "$1N6676", "", "C", 62.99, 62.99, 39.37, 0],
		[50, "R6_1", 3059.09, -595, "B", "DIP", "$1N6676", "", "C", 62.99, 62.99, 39.37, 0],
		[51, "R6_2", 3570.91, -595, "T", "DIP", "$1N6622", "", "C", 62.99, 62.99, 39.37, 0],
		[52, "R6_2", 3570.91, -595, "B", "DIP", "$1N6622", "", "C", 62.99, 62.99, 39.37, 0],
		[53, "R7_1", 3059.09, -830, "T", "DIP", "$1N6802", "", "C", 62.99, 62.99, 39.37, 0],
		[54, "R7_1", 3059.09, -830, "B", "DIP", "$1N6802", "", "C", 62.99, 62.99, 39.37, 0],
		[55, "R7_2", 3570.91, -830, "T", "DIP", "$1N6676", "", "C", 62.99, 62.99, 39.37, 0],
		[56, "R7_2", 3570.91, -830, "B", "DIP", "$1N6676", "", "C", 62.99, 62.99, 39.37, 0],
		[57, "R8_1", 2564.09, -2120, "T", "DIP", "$1N7065", "", "C", 62.99, 62.99, 39.37, 0],
		[58, "R8_1", 2564.09, -2120, "B", "DIP", "$1N7065", "", "C", 62.99, 62.99, 39.37, 0],
		[59, "R8_2", 3075.91, -2120, "T", "DIP", "GND", "GND", "C", 62.99, 62.99, 39.37, 0],
		[60, "R8_2", 3075.91, -2120, "B", "DIP", "GND", "GND", "C", 62.99, 62.99, 39.37, 0],
		[61, "R9_1", 544.1, -1975, "T", "DIP", "RED_LED", "", "C", 62.99, 62.99, 39.37, 0],
		[62, "R9_1", 544.1, -1975, "B", "DIP", "RED_LED", "", "C", 62.99, 62.99, 39.37, 0],
		[63, "R9_2", 1055.9, -1975, "T", "DIP", "$1N7240", "", "C", 62.99, 62.99, 39.37, 0],
		[64, "R9_2", 1055.9, -1975, "B", "DIP", "$1N7240", "", "C", 62.99, 62.99, 39.37, 0],
		[65, "R10_1", 544.1, -2175, "T", "DIP", "YELLOW_LED", "", "C", 62.99, 62.99, 39.37, 0],
		[66, "R10_1", 544.1, -2175, "B", "DIP", "YELLOW_LED", "", "C", 62.99, 62.99, 39.37, 0],
		[67, "R10_2", 1055.9, -2175, "T", "DIP", "$1N7235", "", "C", 62.99, 62.99, 39.37, 0],
		[68, "R10_2", 1055.9, -2175, "B", "DIP", "$1N7235", "", "C", 62.99, 62.99, 39.37, 0],
		[69, "R11_1", 1149.1, -2080, "T", "DIP", "GREEN_LED", "", "C", 62.99, 62.99, 39.37, 0],
		[70, "R11_1", 1149.1, -2080, "B", "DIP", "GREEN_LED", "", "C", 62.99, 62.99, 39.37, 0],
		[71, "R11_2", 1660.9, -2080, "T", "DIP", "$1N7245", "", "C", 62.99, 62.99, 39.37, 0],
		[72, "R11_2", 1660.9, -2080, "B", "DIP", "$1N7245", "", "C", 62.99, 62.99, 39.37, 0],
		[73, "U1_1", 1965, -625, "T", "DIP", "$1N5911", "", "C", 70.87, 70.87, 43.31, 90],
		[74, "U1_1", 1965, -625, "B", "DIP", "$1N5911", "", "C", 70.87, 70.87, 43.31, 90],
		[75, "U1_2", 2065, -625, "T", "DIP", "$1N5911", "", "C", 70.87, 70.87, 43.31, 90],
		[76, "U1_2", 2065, -625, "B", "DIP", "$1N5911", "", "C", 70.87, 70.87, 43.31, 90],
		[77, "U1_3", 2165, -625, "T", "DIP", "$1N7867", "", "C", 70.87, 70.87, 43.31, 90],
		[78, "U1_3", 2165, -625, "B", "DIP", "$1N7867", "", "C", 70.87, 70.87, 43.31, 90],
		[79, "U1_4", 2265, -625, "T", "DIP", "GND", "GND", "C", 70.87, 70.87, 43.31, 90],
		[80, "U1_4", 2265, -625, "B", "DIP", "GND", "GND", "C", 70.87, 70.87, 43.31, 90],
		[81, "U1_5", 2265, -325, "T", "DIP", "$1N6087", "", "C", 70.87, 70.87, 43.31, 90],
		[82, "U1_5", 2265, -325, "B", "DIP", "$1N6087", "", "C", 70.87, 70.87, 43.31, 90],
		[83, "U1_6", 2165, -325, "T", "DIP", "$1N6622", "", "C", 70.87, 70.87, 43.31, 90],
		[84, "U1_6", 2165, -325, "B", "DIP", "$1N6622", "", "C", 70.87, 70.87, 43.31, 90],
		[85, "U1_7", 2065, -325, "T", "DIP", "$1N6676", "", "C", 70.87, 70.87, 43.31, 90],
		[86, "U1_7", 2065, -325, "B", "DIP", "$1N6676", "", "C", 70.87, 70.87, 43.31, 90],
		[87, "U1_8", 1965, -325, "T", "DIP", "+5V", "", "C", 70.87, 70.87, 43.31, 90],
		[88, "U1_8", 1965, -325, "B", "DIP", "+5V", "", "C", 70.87, 70.87, 43.31, 90],
		[89, "PAD1_999", 196.85, -275.59, "T", "DIP", "+5V", "", "C", 60, 60, 36, 0],
		[90, "PAD1_999", 196.85, -275.59, "B", "DIP", "+5V", "", "C", 60, 60, 36, 0],
		[91, "PAD2_999", 196.85, -375.59, "T", "DIP", "PWM", "", "C", 60, 60, 36, 0],
		[92, "PAD2_999", 196.85, -375.59, "B", "DIP", "PWM", "", "C", 60, 60, 36, 0],
		[93, "PAD3_999", 196.85, -787.4, "T", "DIP", "GND", "GND", "C", 60, 60, 36, 0],
		[94, "PAD3_999", 196.85, -787.4, "B", "DIP", "GND", "GND", "C", 60, 60, 36, 0],
		[95, "PAD4_999", 1181.1, -1381.1, "T", "DIP", "SCL", "", "C", 60, 60, 36, 0],
		[96, "PAD4_999", 1181.1, -1381.1, "B", "DIP", "SCL", "", "C", 60, 60, 36, 0],
		[97, "PAD5_999", 1181.1, -1481.1, "T", "DIP", "SDA", "", "C", 60, 60, 36, 0],
		[98, "PAD5_999", 1181.1, -1481.1, "B", "DIP", "SDA", "", "C", 60, 60, 36, 0],
		[99, "PAD6_999", 196.85, -1774.8, "T", "DIP", "ADAPTER_SENSE_PIN", "", "C", 60, 60, 36, 0],
		[100, "PAD6_999", 196.85, -1774.8, "B", "DIP", "ADAPTER_SENSE_PIN", "", "C", 60, 60, 36, 0],
		[101, "PAD7_999", 196.85, -1874.8, "T", "DIP", "TEST_RUNNING_SIGNAL", "", "C", 60, 60, 36, 0],
		[102, "PAD7_999", 196.85, -1874.8, "B", "DIP", "TEST_RUNNING_SIGNAL", "", "C", 60, 60, 36, 0],
		[103, "PAD8_999", 196.85, -1974.8, "T", "DIP", "RED_LED", "", "C", 60, 60, 36, 0],
		[104, "PAD8_999", 196.85, -1974.8, "B", "DIP", "RED_LED", "", "C", 60, 60, 36, 0],
		[105, "PAD9_999", 196.85, -2074.8, "T", "DIP", "GREEN_LED", "", "C", 60, 60, 36, 0],
		[106, "PAD9_999", 196.85, -2074.8, "B", "DIP", "GREEN_LED", "", "C", 60, 60, 36, 0],
		[107, "PAD10_999", 196.85, -2174.8, "T", "DIP", "YELLOW_LED", "", "C", 60, 60, 36, 0],
		[108, "PAD10_999", 196.85, -2174.8, "B", "DIP", "YELLOW_LED", "", "C", 60, 60, 36, 0],
		[109, "PAD11_999", 196.85, -887.4, "T", "DIP", "SCL", "", "C", 60, 60, 36, 0],
		[110, "PAD11_999", 196.85, -887.4, "B", "DIP", "SCL", "", "C", 60, 60, 36, 0],
		[111, "PAD12_999", 196.85, -987.4, "T", "DIP", "SDA", "", "C", 60, 60, 36, 0],
		[112, "PAD12_999", 196.85, -987.4, "B", "DIP", "SDA", "", "C", 60, 60, 36, 0],
		[113, "PAD13_999", 3870, -1805, "T", "DIP", "TEST_RUNNING_SIGNAL", "", "C", 60, 60, 36, 0],
		[114, "PAD13_999", 3870, -1805, "B", "DIP", "TEST_RUNNING_SIGNAL", "", "C", 60, 60, 36, 0],
		[115, "PAD14_999", 1181.1, -1181.1, "T", "DIP", "+5V", "", "C", 60, 60, 36, 0],
		[116, "PAD14_999", 1181.1, -1181.1, "B", "DIP", "+5V", "", "C", 60, 60, 36, 0],
		[117, "PAD15_999", 1181.1, -1281.1, "T", "DIP", "GND", "GND", "C", 60, 60, 36, 0],
		[118, "PAD15_999", 1181.1, -1281.1, "B", "DIP", "GND", "GND", "C", 60, 60, 36, 0],
		[119, "PAD16_999", 1181.1, -1681.1, "T", "DIP", "VIN+", "", "C", 60, 60, 36, 0],
		[120, "PAD16_999", 1181.1, -1681.1, "B", "DIP", "VIN+", "", "C", 60, 60, 36, 0],
		[121, "PAD17_999", 1181.1, -1581.1, "T", "DIP", "VIN-", "", "C", 60, 60, 36, 0],
		[122, "PAD17_999", 1181.1, -1581.1, "B", "DIP", "VIN-", "", "C", 60, 60, 36, 0],
		[123, "PAD18_999", 3870, -1705, "T", "DIP", "GND", "GND", "C", 60, 60, 36, 0],
		[124, "PAD18_999", 3870, -1705, "B", "DIP", "GND", "GND", "C", 60, 60, 36, 0]
	]
}
}